City_ID,City,Lat,Lng,Max Temp,Humidity,Cloudiness,Wind Speed,Pressure,Country,Date
0,Weno,7.4515,151.8468,82.35,83,100,4.61,1007,FM,1732758669
1,George Town,5.4112,100.3354,76.95,87,40,9.22,1011,MY,1732758395
2,Brisas de Zicatela,15.8369,-97.0419,81.12,83,0,0.0,1011,MX,1732758672
3,Klyuchi,52.2667,79.1667,15.96,81,3,7.61,1029,RU,1732758674
4,Pugachev,52.0133,48.8025,28.54,68,99,5.48,1024,RU,1732758675
5,Hithadhoo,-0.6,73.0833,82.6,82,98,18.77,1009,MV,1732758676
6,Grytviken,-54.2811,-36.5092,28.96,70,46,6.98,996,GS,1732758677
7,Invercargill,-46.4,168.35,58.01,91,99,18.01,1005,NZ,1732758678
8,Iqaluit,63.7506,-68.5145,11.93,85,100,9.22,1023,CA,1732758680
9,Vorgashor,67.5833,63.95,14.4,97,17,8.3,1021,RU,1732758681
10,Waitangi,-43.9535,-176.5597,55.74,88,100,25.03,1018,NZ,1732758682
11,Adamstown,-25.066,-130.1015,72.79,75,100,14.83,1021,PN,1732758386
12,Mossamedes,-15.1961,12.1522,71.06,79,86,6.13,1012,AO,1732758684
13,West Island,-12.1568,96.8225,84.18,89,20,10.36,1008,CC,1732758685
14,Iwanai,42.9744,140.5089,38.5,86,100,12.48,1003,JP,1732758687
15,Bredasdorp,-34.5322,20.0403,58.26,72,51,1.79,1023,ZA,1732758688
16,Wad az Zāki,14.4619,32.2065,63.19,27,3,11.52,1017,SD,1732758689
17,Oranjemund,-28.55,16.4333,57.49,84,0,12.46,1017,NA,1732758690
18,Chonchi,-42.6128,-73.8092,49.12,97,51,1.99,1019,CL,1732758691
19,Bethel,41.3712,-73.414,39.65,77,70,1.99,1016,US,1732758693
20,Olonkinbyen,70.9221,-8.7187,21.34,91,100,36.75,997,SJ,1732758694
21,Yinchuan,38.4681,106.2731,32.02,32,0,4.81,1035,CN,1732758695
22,San Antonio de Palé,-1.4014,5.6325,78.58,81,91,4.88,1012,GQ,1732758696
23,Broken Hill,-31.95,141.4333,76.01,37,0,2.86,1014,AU,1732758697
24,Mountain Home,43.133,-115.6912,36.88,65,100,6.91,1027,US,1732758542
25,Mandalgovi,45.7625,106.2708,25.86,46,100,16.44,1027,MN,1732758700
26,Aasiaat,68.7098,-52.8699,0.97,74,100,7.76,1022,GL,1732758701
27,Koné,-21.0595,164.8658,87.44,58,100,6.13,1012,NC,1732758702
28,Rio Grande,-32.035,-52.0986,66.2,89,100,21.88,1007,BR,1732758552
29,Kidal,18.4411,1.4078,62.87,21,0,11.21,1019,ML,1732758705
30,Ust-Nera,64.5667,143.2,-3.84,99,99,2.46,1027,RU,1732758706
31,Qaqortoq,60.7167,-46.0333,16.39,74,90,6.17,1023,GL,1732758707
32,Praia da Vitória,38.7333,-27.0667,62.85,82,40,16.8,1004,PT,1732758708
33,Lorengau,-2.0226,147.2712,85.73,72,100,10.85,1007,PG,1732758709
34,Mil’kovo,55.6078,37.7956,28.35,70,100,2.48,1023,RU,1732758711
35,Kyzyl-Mazhalyk,51.1333,90.6,8.17,79,0,2.15,1044,RU,1732758712
36,Puerto Natales,-51.7236,-72.4875,47.21,74,100,3.29,1013,CL,1732758713
37,Bilibino,68.0546,166.4372,-5.55,100,30,3.6,1022,RU,1732758714
38,Constanța,44.1833,28.65,36.28,76,100,6.11,1028,RO,1732758672
39,Puerto Ayora,-0.7393,-90.3518,71.55,94,91,5.99,1013,EC,1732758717
40,Casper,42.8666,-106.3131,25.72,78,20,8.05,1022,US,1732758717
41,Fortuna,40.5982,-124.1573,45.52,90,0,5.75,1021,US,1732758719
42,Portland,45.5234,-122.6762,46.18,90,100,1.01,1026,US,1732758603
43,Punta Arenas,-53.15,-70.9167,48.31,76,0,3.44,1012,CL,1732758590
44,Port-aux-Français,-49.35,70.2167,42.03,93,87,27.85,988,TF,1732758722
45,Nyakahanga,-1.6033,31.1414,56.35,98,25,2.93,1015,TZ,1732758724
46,Kununurra,-15.7667,128.7333,91.38,62,50,5.75,1008,AU,1732758474
47,Muisne,0.6,-80.0333,73.4,84,56,8.88,1012,EC,1732758726
48,Badr Ḩunayn,23.7829,38.7905,68.65,47,0,1.77,1016,SA,1732758727
49,Dzhezkazgan,47.7833,67.7667,23.58,93,0,8.95,1021,KZ,1732758728
50,Thompson,55.7435,-97.8558,10.56,92,100,2.3,1020,CA,1732758729
51,Port Mathurin,-19.6833,63.4167,76.3,73,22,25.5,1016,MU,1732758731
52,Namtsy,62.7161,129.6658,-16.85,98,100,1.52,1023,RU,1732758732
53,Severobaykal'sk,55.65,109.3167,18.05,90,100,2.17,1020,RU,1732758733
54,Lianzhou,24.7811,112.3825,58.14,40,85,4.74,1029,CN,1732758734
55,Tiksi,71.6872,128.8694,2.07,81,98,35.41,999,RU,1732758735
56,Hawaiian Paradise Park,19.5933,-154.9731,78.87,71,100,11.5,1014,US,1732758737
57,Uliastai,47.7417,96.8444,7.03,65,5,5.21,1047,MN,1732758738
58,Dunedin,-45.8742,170.5036,70.99,51,100,10.09,1003,NZ,1732758739
59,Whangarei,-35.7317,174.3239,78.78,40,1,3.09,1021,NZ,1732758451
60,Port Alfred,-33.5906,26.891,62.19,81,93,5.99,1018,ZA,1732758741
61,Avarua,-21.2078,-159.775,78.85,78,20,16.11,1013,CK,1732758611
62,Kuanda,56.3161,116.0806,-5.64,94,100,0.98,1024,RU,1732758744
63,Nūrābād,34.0734,47.9725,32.65,88,19,2.51,1021,IR,1732758747
64,Valle Nacional,17.7833,-96.3167,68.45,93,0,3.89,1014,MX,1732758748
65,Skurup,55.4784,13.5019,41.16,93,75,20.71,1005,SE,1732758749
66,Margaret River,-33.95,115.0667,72.48,43,0,4.61,1019,AU,1732758750
67,Hermanus,-34.4187,19.2345,50.81,71,31,8.32,1023,ZA,1732758753
68,Cidreira,-30.1811,-50.2056,70.65,93,100,2.24,1007,BR,1732758754
69,Riverton,40.5219,-111.9391,34.12,75,0,5.01,1028,US,1732758755
70,Pantai Remis,4.4557,100.6288,77.02,86,100,3.69,1011,MY,1732758756
71,Saint Paul Harbor,57.79,-152.4072,31.51,69,0,17.27,1019,US,1732758757
72,Anqiu,36.4342,119.1925,37.54,34,0,17.54,1020,CN,1732758759
73,Hamilton,39.1834,-84.5333,43.77,92,100,13.8,1009,US,1732758760
74,Talnakh,69.4865,88.3972,-5.22,98,87,7.05,1009,RU,1732758761
75,Yellowknife,62.456,-114.3525,-17.45,76,20,5.75,1037,CA,1732758762
76,Badger,64.8,-147.5333,-14.55,76,100,3.44,1037,US,1732758764
77,Sapucaia,-29.8333,-51.15,78.04,84,75,4.61,1008,BR,1732758485
78,Kalamata,37.0389,22.1142,57.11,61,0,5.75,1026,GR,1732758766
79,Carnarvon,-24.8667,113.6333,88.97,41,3,10.4,1007,AU,1732758767
80,Igatpuri,19.7,73.55,60.91,49,30,8.88,1015,IN,1732758768
81,Saguenay,48.4168,-71.0657,32.83,84,75,10.36,1008,CA,1732758569
82,Alotau,-10.3069,150.4462,89.15,60,60,7.43,1008,PG,1732758771
83,Antsiranana,-12.2787,49.2917,76.06,84,89,11.86,1012,MG,1732758772
84,Arraial do Cabo,-22.9661,-42.0278,74.16,88,5,25.21,1010,BR,1732758497
85,Kuala Lumpur,3.1431,101.6865,82.76,85,20,1.14,1010,MY,1732758523
86,Ta`ū,-14.2336,-169.5144,81.75,79,100,6.38,1008,AS,1732758776
87,Narasannapeta,18.4167,84.05,67.77,55,97,6.17,1013,IN,1732758777
88,Bunia,1.5667,30.25,59.07,95,72,1.48,1016,CD,1732758778
89,Santa Marta,11.2408,-74.199,82.45,77,20,8.01,1010,CO,1732758602
90,Alice Springs,-23.7,133.8833,81.95,30,40,14.97,1013,AU,1732758780
91,Petropavlovsk-Kamchatskiy,53.0452,158.6483,28.99,59,75,4.47,1013,RU,1732758782
92,Buzovna,40.5179,50.1139,48.29,81,75,9.22,1017,AZ,1732758783
93,Ushuaia,-54.8,-68.3,47.86,71,0,14.97,1011,AR,1732758569
94,La Passe,45.5549,-0.8967,54.57,78,81,7.94,1024,FR,1732758785
95,Hasaki,35.7333,140.8333,62.06,38,0,13.89,1006,JP,1732758787
96,Fort St. John,56.2499,-120.8529,1.29,85,100,6.91,1033,CA,1732758788
97,Vadsø,70.0744,29.7487,17.76,79,91,3.44,1018,NO,1732758789
98,Kayyerkan,69.3786,87.7439,-2.79,96,48,9.22,1010,RU,1732758791
99,Shalqar,47.8333,59.6,30.61,65,27,8.03,1022,KZ,1732758793
100,Argos,37.6333,22.7333,52.48,73,2,2.59,1026,GR,1732758794
101,Pericos,25.05,-107.7,66.58,64,89,1.86,1012,MX,1732758795
102,Chamdo,31.1667,97.2333,24.15,54,100,4.09,1023,CN,1732758796
103,Nadym,65.5333,72.5167,16.07,96,50,5.37,1021,RU,1732758797
104,Albany,42.6001,-73.9662,34.41,71,100,3.0,1015,US,1732758643
105,Papatowai,-46.5619,169.4708,59.5,95,100,11.92,1003,NZ,1732758800
106,Frontera,26.9333,-101.45,76.32,39,98,1.01,1009,MX,1732758801
107,Susuman,62.7833,148.1667,-13.88,87,95,2.04,1029,RU,1732758570
108,Rosso,16.4986,-15.8153,78.26,14,0,10.74,1013,SN,1732758803
109,Kapaa,22.0752,-159.319,80.92,70,0,14.97,1015,US,1732758805
110,Polyarny,69.1989,33.4478,13.39,92,36,10.83,1021,RU,1732758806
111,Mirpur Sakro,24.5474,67.6277,74.59,71,0,4.76,1014,PK,1732758807
112,Watsa,3.0372,29.5355,62.58,96,99,1.92,1015,CD,1732758808
113,Salmon Arm,50.6998,-119.3024,29.52,93,88,2.3,1026,CA,1732758809
114,Sitka,57.0531,-135.33,37.29,93,75,5.75,1017,US,1732758811
115,Eyl,7.9803,49.8164,75.7,73,87,10.45,1013,SO,1732758812
116,Hwange,-18.3693,26.5019,72.27,84,28,2.93,1010,ZW,1732758813
117,Rūdsar,37.1376,50.288,51.06,91,65,3.89,1019,IR,1732758814
118,Wailua Homesteads,22.0669,-159.378,79.59,72,0,14.97,1015,US,1732758816
119,Chul'man,56.8479,124.9104,-2.61,95,99,2.39,1020,RU,1732758522
120,Bridgewater,44.3835,-64.5155,40.1,89,5,7.0,1013,CA,1732758818
121,Xining,36.6167,101.7667,21.27,53,0,2.19,1042,CN,1732758819
122,Banda Aceh,5.5577,95.3222,82.11,76,60,8.9,1010,ID,1732758820
123,Afaahiti,-17.75,-149.2833,77.9,76,98,6.85,1011,PF,1732758822
124,St. John's,47.5649,-52.7093,36.79,95,75,3.0,1012,CA,1732758823
125,Kargasok,59.0556,80.8572,22.03,82,5,8.5,1026,RU,1732758824
126,Keflavik,64.0049,-22.5624,27.03,59,40,19.57,1015,IS,1732758825
127,Dursunbey,39.586,28.6257,39.49,92,76,3.02,1028,TR,1732758826
128,Kilindoni,-7.9139,39.6668,80.62,75,25,9.89,1012,TZ,1732758828
129,Whitehorse,60.7161,-135.0538,7.57,77,100,4.61,1029,CA,1732758765
130,Udachny,66.4167,112.4,3.47,95,100,8.1,1002,RU,1732758830
131,Colares,38.7992,-9.4469,54.9,76,44,13.82,1021,PT,1732758831
132,Kerikeri,-35.2268,173.9474,75.16,55,7,7.74,1021,NZ,1732758832
133,Ulety,51.3572,112.4849,16.34,89,100,2.8,1019,RU,1732758834
134,Lebu,-37.6167,-73.65,50.86,81,21,5.37,1020,CL,1732758835
135,Nemuro,43.3236,145.575,48.52,81,49,3.76,999,JP,1732758836
136,Kasongo-Lunda,-6.4667,16.8167,68.7,99,98,1.48,1014,CD,1732758837
137,Blackmans Bay,-43.0167,147.3167,58.73,79,98,1.01,1023,AU,1732758838
138,Cadale,2.7603,46.3222,80.69,80,100,9.31,1011,SO,1732758840
139,Lucea,18.451,-78.1736,80.85,82,57,14.79,1011,JM,1732758841
140,Road Town,18.4167,-64.6167,78.84,89,20,9.22,1014,VG,1732758834
141,Yanam,16.7333,82.2167,76.23,48,98,8.86,1011,IN,1732758844
142,Tazacorte,28.629,-17.9293,69.15,57,0,5.75,1018,ES,1732758846
143,Hadibu,12.65,54.0333,77.14,78,73,9.55,1014,YE,1732758847
144,Dilling,12.05,29.65,59.72,32,6,11.56,1017,SD,1732758848
145,Taltal,-25.4,-70.4833,63.82,77,0,3.31,1014,CL,1732758849
146,College,64.8569,-147.8028,-16.62,76,75,3.44,1037,US,1732758851
147,Kattivākkam,13.2167,80.3167,77.09,86,100,21.99,1009,IN,1732758852
148,Mount Isa,-20.7333,139.5,82.17,65,100,5.75,1010,AU,1732758854
149,Thānesar,29.9833,76.8167,56.3,37,0,2.48,1017,IN,1732758855
150,Yeniseysk,58.4497,92.1703,31.39,86,100,8.5,1023,RU,1732758856
151,Atafu Village,-8.5421,-172.5159,83.17,73,11,10.25,1007,TK,1732758857
152,Nyurba,63.2842,118.3319,-0.92,99,90,4.99,1011,RU,1732758858
153,Nguigmi,14.2495,13.1092,61.5,33,47,12.46,1018,NE,1732758859
154,Aripuanã,-9.1667,-60.6333,74.77,92,54,0.81,1009,BR,1732758861
155,Duki,30.1541,68.5728,51.35,31,0,0.89,1018,PK,1732758862
156,Ola,59.5833,151.2833,14.0,82,92,7.25,1019,RU,1732758863
157,Lihue,21.9789,-159.3672,80.19,66,0,14.97,1015,US,1732758864
158,Taveta,-3.3963,37.6736,70.74,86,94,3.98,1013,KE,1732758857
159,Uturoa,-16.7333,-151.4333,81.01,72,100,12.28,1010,PF,1732758867
160,Darwin,-12.4611,130.8418,88.95,78,75,3.44,1008,AU,1732758868
161,Howrah,22.5892,88.3103,66.2,88,40,5.75,1015,IN,1732758869
162,Edinburgh of the Seven Seas,-37.0676,-12.3116,59.43,87,59,23.17,1017,SH,1732758870
163,Saint-François,46.4154,3.9054,51.42,89,100,6.91,1024,FR,1732758871
164,Westport,41.1415,-73.3579,43.75,67,0,0.0,1016,US,1732758599
165,Almenara,-16.1836,-40.6944,69.69,98,52,2.24,1015,BR,1732758874
166,Cockburn Town,21.4612,-71.1419,80.15,80,100,22.39,1013,TC,1732758875
167,Yanchep,-31.55,115.6833,78.85,34,0,11.32,1016,AU,1732758876
168,Saipan,15.1355,145.701,88.5,83,40,19.57,1010,MP,1732758877
169,Finisterra,42.9049,-9.2629,59.11,75,88,18.41,1021,ES,1732758879
170,Los Llanos de Aridane,28.6585,-17.9182,66.13,57,0,5.75,1018,ES,1732758880
171,Pangai,-19.8,-174.35,82.51,78,75,13.8,1011,TO,1732758881
172,Trondheim,63.4305,10.3951,21.99,82,11,1.01,1021,NO,1732758681
173,Talara,-4.5772,-81.2719,72.36,73,0,11.5,1013,PE,1732758884
174,Pangoa,-12.1167,-73.0,70.2,99,100,1.7,1011,PE,1732758885
175,Puerto Lempira,15.2667,-83.7667,77.9,86,22,11.41,1011,HN,1732758886
176,Ribeira Grande,38.5167,-28.7,64.78,83,34,20.0,1004,PT,1732758887
177,Leava,-14.3,-178.1667,82.22,77,99,10.54,1008,WF,1732758888
178,Ceeldheer,3.8488,47.1806,78.75,85,99,7.45,1012,SO,1732758889
179,Dzhalagash,45.0833,64.6667,36.7,55,92,8.05,1018,KZ,1732758891
180,Parauapebas,-6.0675,-49.9022,76.35,86,80,2.28,1010,BR,1732758892
181,Austin,30.2672,-97.7431,72.01,75,0,3.44,1009,US,1732758521
182,Gaoping,30.7758,106.1029,52.65,46,3,2.98,1034,CN,1732758895
183,Thunder Bay,48.4001,-89.3168,21.18,79,20,6.91,1014,CA,1732758897
184,Port Elizabeth,-33.918,25.5701,60.31,92,72,4.0,1019,ZA,1732758898
185,Tôlanaro,-25.0319,46.9987,78.87,73,20,21.85,1012,MG,1732758899
186,Biltine,14.5333,20.9167,62.06,31,1,10.67,1017,TD,1732758900
187,Ust-Tsilma,65.441,52.1498,32.74,99,100,2.82,1023,RU,1732758901
188,Solnechnyy,50.7214,136.6319,16.0,90,100,12.1,998,RU,1732758903
189,Al Abyār,32.19,20.5965,59.27,79,98,4.21,1026,LY,1732758904
190,Fort Bragg,35.139,-79.006,55.8,91,75,1.01,1013,US,1732758631
191,Vila Franca do Campo,37.7167,-25.4333,66.61,99,0,13.71,1007,PT,1732758906
192,Ilulissat,69.2167,-51.1,12.22,52,75,9.22,1022,GL,1732758908
193,Byron Bay,-28.65,153.6167,82.06,70,100,13.44,1014,AU,1732758909
194,Tazovsky,67.4667,78.7,1.69,99,6,5.7,1017,RU,1732758910
195,Okhotsk,59.3833,143.3,11.37,74,84,7.36,1019,RU,1732758911
196,Las Khorey,11.1595,48.1967,76.86,75,37,3.8,1014,SO,1732758892
197,Gereida,11.2811,25.1414,59.94,31,10,10.71,1017,SD,1732758914
198,Codrington,-38.2667,141.9667,58.39,84,100,14.54,1017,AU,1732758915
199,Stanley,54.868,-1.6985,31.53,94,54,6.91,1025,GB,1732758916
200,Murud,18.3258,72.965,67.82,52,99,8.1,1012,IN,1732758917
201,Caleta de Carquín,-11.0925,-77.6267,67.14,82,100,7.76,1014,PE,1732758737
202,Smirnykh,49.75,142.8333,33.3,100,87,5.97,999,RU,1732758922
203,Gao,16.6362,1.637,62.62,23,98,11.01,1018,ML,1732758923
204,Port Lincoln,-34.7333,135.8667,62.15,74,100,18.39,1019,AU,1732758925
205,Haiku-Pauwela,20.9219,-156.3051,80.22,68,12,21.99,1015,US,1732758926
206,Palanga,55.9175,21.0686,39.22,93,75,6.91,1017,LT,1732758927
207,East London,-33.0153,27.9116,62.11,80,96,19.71,1016,ZA,1732758928
208,Borodino,55.9106,94.8983,31.55,66,100,14.9,1028,RU,1732758929
209,Bikenibeu Village,1.3673,173.1241,89.56,66,75,11.5,1006,KI,1732758931
210,Dundee,56.5,-2.9667,30.69,84,0,6.91,1025,GB,1732758932
211,Hualien City,23.9769,121.6044,67.32,84,95,8.68,1023,TW,1732758933
212,Meïganga,6.5167,14.3,61.99,45,1,4.68,1015,CM,1732758934
213,Selfoss,63.9331,-20.9971,27.68,71,36,13.18,1015,IS,1732758935
214,Mora,11.0461,14.1401,61.05,39,3,3.58,1017,CM,1732758937
215,Wenling,28.3669,121.36,54.57,42,5,5.82,1025,CN,1732758913
216,San Patricio,28.017,-97.5169,76.95,81,39,11.43,1010,US,1732758939
217,Lālpur,22.2,69.9667,70.97,33,0,7.58,1014,IN,1732758940
218,Crane,31.3974,-102.3501,72.19,21,100,12.75,1010,US,1732758942
219,Koshki,54.2091,50.4677,29.44,56,83,2.77,1025,RU,1732758943
220,Dudinka,69.4058,86.1778,-0.53,93,10,11.86,1011,RU,1732758944
221,Joshīmath,30.5667,79.5667,41.27,25,0,5.14,1020,IN,1732758945
222,Gizo Government Station,-8.103,156.8419,85.01,73,91,5.57,1007,SB,1732758946
223,Yelizovo,53.1873,158.3805,30.34,59,75,4.47,1014,RU,1732758948
224,Yemva,62.59,50.8594,26.47,91,100,4.43,1024,RU,1732758949
225,Gharghoda,22.1667,83.35,61.29,51,100,3.29,1017,IN,1732758950
226,Danjiangkou,32.5428,111.5086,51.73,23,0,16.17,1031,CN,1732758953
227,Galesong,-5.3166,119.3661,85.46,70,100,5.64,1009,ID,1732758954
228,Scarborough,54.2797,-0.4044,38.16,68,30,1.01,1024,GB,1732758955
229,Sicuani,-14.2694,-71.2261,49.8,92,100,9.19,1019,PE,1732758956
230,Miðvágur,62.0511,-7.1939,41.83,87,75,11.5,1020,FO,1732758957
231,Kangding,30.0513,101.9603,37.45,80,15,1.81,1027,CN,1732758958
232,Angermünde,53.015,13.9992,47.98,80,86,14.67,1005,DE,1732758959
233,Saint-Philippe,-21.3585,55.7679,74.26,83,27,14.29,1018,RE,1732758962
234,Glace Bay,46.1969,-59.957,42.17,98,100,4.61,1010,CA,1732758963
235,Bouznika,33.7894,-7.1597,65.95,42,0,8.05,1022,MA,1732758964
236,Port Augusta,-32.5,137.7667,70.93,53,83,13.6,1016,AU,1732758917
237,Cedar Falls,42.5278,-92.4455,28.35,81,0,13.8,1017,US,1732758967
238,Arrondissement de Figeac,44.75,1.9167,40.08,85,13,2.84,1026,FR,1732758968
239,Oriental,19.3667,-97.6167,58.37,31,0,1.72,1015,MX,1732758969
240,Itamaracá,-7.7478,-34.8256,77.65,66,92,8.93,1014,BR,1732758970
241,Mejit,10.2753,170.8646,82.31,76,70,21.18,1008,MH,1732758971
242,Lincoln,40.8,-96.667,30.99,75,0,12.66,1020,US,1732758973
243,Freeport,40.6576,-73.5832,48.18,64,0,10.36,1016,US,1732758804
244,Kiffa,16.6166,-11.4045,75.76,17,0,8.46,1014,MR,1732758975
245,Pervomayskoye,43.919,46.7102,36.41,95,100,16.6,1018,RU,1732758976
246,Bubaque,11.2833,-15.8333,81.72,72,0,7.78,1012,GW,1732758977
247,Pieńsk,51.249,15.0469,45.55,91,100,23.06,1011,PL,1732758979
248,Timimoun,29.2639,0.231,55.78,44,0,5.75,1025,DZ,1732758980
249,Kavaratti,10.5669,72.642,82.69,74,99,12.12,1009,IN,1732758981
250,Fārsān,32.2569,50.561,41.04,83,18,6.26,1017,IR,1732758982
251,Guánica,17.9716,-66.908,80.98,72,82,8.55,1013,PR,1732758983
252,Utrik,11.2278,169.8474,83.03,75,20,20.07,1009,MH,1732758984
253,Tsiombe,-25.3,45.4833,76.12,59,0,3.74,1011,MG,1732758986
254,La Paz,-16.5,-68.15,50.58,74,100,11.5,1015,BO,1732758964
255,Malmberget,67.1753,20.6549,-3.44,84,75,4.61,1021,SE,1732758988
256,Isangel,-19.55,169.2667,84.31,79,75,9.22,1012,VU,1732758989
257,Cabezón de la Sal,43.3089,-4.2302,53.6,71,5,5.55,1023,ES,1732758991
258,Zaozërsk,69.4005,32.4476,15.4,87,46,8.61,1021,RU,1732758992
259,Cologne,50.9333,6.95,46.96,82,75,14.97,1018,DE,1732758993
260,Happy Valley-Goose Bay,53.3168,-60.3315,30.51,86,100,5.75,1013,CA,1732758995
261,Tromsø,69.6496,18.957,37.42,65,100,18.41,1014,NO,1732758983
262,Nuku'alofa,-21.1333,-175.2,84.54,74,20,9.22,1011,TO,1732758835
263,Champerico,14.3,-91.9167,79.25,70,0,5.66,1010,GT,1732758999
264,Kudahuvadhoo,2.6708,72.8944,82.11,78,100,14.63,1009,MV,1732759000
265,Jamestown,42.097,-79.2353,41.02,71,100,8.05,1013,US,1732759001
266,Nagqu Prefecture,31.5,92.0,20.77,33,77,2.68,1018,CN,1732759002
267,Hotan,37.0997,79.9269,30.52,40,0,2.01,1038,CN,1732759004
268,Puttalam,8.0362,79.8283,79.47,73,100,23.15,1008,LK,1732759005
269,Khanpur Mahar,27.8436,69.4137,66.97,30,0,7.25,1015,PK,1732759006
270,Panabá,21.2833,-88.2667,72.32,92,26,5.88,1014,MX,1732759007
271,Praia,14.9215,-23.5087,74.82,83,4,12.01,1015,CV,1732759008
272,Kibaya,-5.3,36.5667,61.84,79,24,2.75,1014,TZ,1732759010
273,Igarka,67.4667,86.5833,7.79,84,53,16.67,1013,RU,1732759011
274,Morant Bay,17.8815,-76.4093,77.68,88,98,9.98,1012,JM,1732759012
275,Nova Sintra,14.8667,-24.7167,77.52,78,1,17.78,1014,CV,1732759013
276,Mitú,1.1983,-70.1733,69.64,92,95,2.04,1009,CO,1732759014
277,Chongwe,-15.3292,28.682,67.62,88,100,4.99,1012,ZM,1732759016
278,Pierre,44.3683,-100.351,27.52,68,100,17.27,1024,US,1732758947
279,Vila Velha,-20.3297,-40.2925,76.95,73,40,11.5,1013,BR,1732759018
280,Rawlins,41.7911,-107.2387,21.09,73,0,13.8,1025,US,1732759019
281,Puerto Baquerizo Moreno,-0.9,-89.6,71.2,80,64,15.32,1013,EC,1732759020
282,At Tāj,24.2049,23.2857,50.85,59,100,7.58,1026,LY,1732759021
283,Palmas,-10.2128,-48.3603,80.47,78,75,1.14,1010,BR,1732759023
284,Klaksvík,62.2266,-6.589,43.75,71,18,16.53,1019,FO,1732759024
285,Enewetak,11.3474,162.3373,82.18,83,33,22.84,1008,MH,1732759025
286,Kolonia Town,6.964,158.206,80.71,89,100,3.44,1007,FM,1732759026
287,Shipston on Stour,52.0606,-1.6278,33.73,93,65,2.01,1025,GB,1732759028
288,Chiredzi,-21.05,31.6667,75.92,68,7,5.03,1007,ZW,1732759029
289,Pobugskoye,48.1658,30.5927,33.89,96,100,8.32,1027,UA,1732759030
290,Kindu,-2.95,25.95,65.71,99,58,1.28,1015,CD,1732759031
291,Sovetskaya Gavan',48.9723,140.2878,35.17,72,0,8.97,997,RU,1732758901
292,Longyearbyen,78.2186,15.6401,6.64,66,75,11.5,1013,SJ,1732759034
293,Myeik,12.4333,98.6,81.88,69,28,10.51,1012,MM,1732759035
294,Palembang,-2.9167,104.7458,82.49,83,40,3.44,1010,ID,1732759036
295,Ancud,-41.8697,-73.8203,48.47,81,37,0.6,1018,CL,1732759037
296,Gaigeturi,33.4644,126.3183,48.25,76,75,17.27,1016,KR,1732759038
297,Kingston,17.997,-76.7936,81.55,83,75,9.22,1011,JM,1732758911
298,Sokoni,-6.4333,39.55,80.53,76,60,7.9,1011,TZ,1732759042
299,Prado,-17.3411,-39.2208,74.98,84,54,9.95,1014,BR,1732759043
300,Gulf Breeze,30.3571,-87.1639,71.02,95,0,6.91,1013,US,1732759018
301,Santiago de Cao,-7.9589,-79.2392,62.73,94,40,9.22,1014,PE,1732759046
302,Ulladulla,-35.35,150.4667,68.34,91,74,8.72,1012,AU,1732759047
303,Pakxan,18.3778,103.6601,73.56,52,78,9.75,1020,LA,1732759048
304,Reyes,-14.3167,-67.3833,80.26,73,68,5.84,1007,BO,1732759049
305,Taulaga,-11.0553,-171.0883,82.94,74,62,8.9,1007,AS,1732759050
306,Iskateley,67.6803,53.1512,22.21,89,16,8.77,1021,RU,1732759052
307,Mount Gambier,-37.8333,140.7667,60.53,73,100,12.17,1017,AU,1732759053
308,Grand-Bassam,5.2118,-3.7388,80.56,80,10,4.79,1011,CI,1732759054
309,Manicoré,-5.8092,-61.3003,78.17,80,90,2.46,1008,BR,1732759055
310,Lompoc,34.6391,-120.4579,58.69,77,0,8.05,1016,US,1732759056
311,Bonthe,7.5264,-12.505,78.46,81,1,4.27,1011,SL,1732759058
312,Kalmunai,7.4167,81.8167,77.68,84,100,25.52,1005,LK,1732759059
313,Ambatolampy,-19.3833,47.4167,61.61,86,71,2.28,1016,MG,1732759060
314,Saint-Jean-de-Monts,46.7833,-2.0667,57.49,96,100,15.68,1022,FR,1732759061
315,Guerrero Negro,27.9769,-114.0611,62.1,92,100,11.41,1014,MX,1732759063
316,Carmi,38.0909,-88.1587,43.14,91,100,8.61,1008,US,1732759064
317,Vrangel',42.7297,133.0839,24.8,40,61,7.99,1005,RU,1732759065
318,Olinda,-8.0089,-34.8553,80.33,69,40,8.05,1014,BR,1732758849
319,Minas de Marcona,-15.2119,-75.1103,59.16,85,100,11.88,1015,PE,1732759069
320,Mullingar,53.5333,-7.35,33.1,92,98,6.85,1023,IE,1732759070
321,Labrador City,52.9463,-66.9114,29.17,92,100,8.05,1006,CA,1732758836
322,Horodyshche,49.2849,31.4451,30.24,96,68,6.78,1026,UA,1732759072
323,Ghat,24.9647,10.1728,55.62,37,48,4.61,1024,LY,1732759073
324,Cheboksary,56.1322,47.2519,23.59,100,100,2.24,1025,RU,1732759075
325,Nykøbing Falster,54.7691,11.8743,46.09,94,77,4.0,1001,DK,1732759076
326,Zhangatas,43.5667,69.75,44.56,47,79,2.86,1016,KZ,1732759077
327,Mokrous,51.2333,47.5167,31.41,68,100,6.55,1023,RU,1732759078
328,Auki,-8.7676,160.7034,87.13,65,100,1.97,1007,SB,1732759079
329,Nadi,-17.8,177.4167,82.4,78,75,10.36,1009,FJ,1732759080
330,San Jose,37.3394,-121.895,54.72,60,0,3.0,1019,US,1732759082
331,Kapuskasing,49.4169,-82.4331,24.89,93,100,16.11,1004,CA,1732759083
332,Anadyr,64.75,177.4833,28.9,86,40,20.13,1024,RU,1732758944
333,Fort-Shevchenko,44.5086,50.263,45.23,96,100,12.28,1013,KZ,1732759085
334,Hohhot,40.8106,111.6522,23.29,58,20,4.47,1027,CN,1732759087
335,Almodóvar del Campo,38.7094,-4.1791,45.34,74,13,3.33,1026,ES,1732759088
336,Labuan,5.2767,115.2417,86.36,74,20,2.3,1009,MY,1732758894
337,Mufumbwe,-13.6833,24.8,65.53,92,100,4.65,1014,ZM,1732759090
338,Nuuk,64.1835,-51.7216,16.41,53,6,5.75,1023,GL,1732759091
339,Celestún,20.8667,-90.4,74.62,78,0,8.95,1014,MX,1732759093
340,Santa Maria,-29.6842,-53.8069,70.9,100,75,3.44,1008,BR,1732759094
341,Mata-Utu,-13.2816,-176.1745,82.4,79,100,11.56,1008,WF,1732759095
342,Nizhniy Kuranakh,58.8353,125.4869,-1.26,96,100,0.36,1020,RU,1732759096
343,Patterson,37.4716,-121.1297,48.99,76,0,6.29,1019,US,1732759097
344,Komusan Il-tong,42.1092,129.7,23.94,36,100,6.71,1005,KP,1732759099
345,Lang Son,21.8333,106.7333,63.75,40,48,10.22,1026,VN,1732759100
346,Kirensk,57.7853,108.1119,22.77,96,100,6.24,1015,RU,1732758992
347,Cold Lake,54.4502,-110.2017,4.95,72,75,17.27,1029,CA,1732759102
348,Port Maria,18.3685,-76.8895,77.94,88,100,5.26,1012,JM,1732759103
349,Bardai,11.65,7.2333,58.5,43,0,9.86,1016,NG,1732759105
350,Gebeit,21.0667,36.3167,59.54,83,27,4.32,1017,SD,1732759106
351,El Matama,16.7095,33.3565,63.72,25,0,10.42,1017,SD,1732759107
352,Chernyshevsk,52.5243,117.0174,-7.78,92,64,1.39,1023,RU,1732758961
353,Buta,2.7858,24.73,69.53,89,86,2.15,1012,CD,1732759109
354,Karratha,-20.7377,116.8463,87.31,54,100,6.11,1009,AU,1732759111
355,Callaway,30.153,-85.5699,69.91,94,75,8.05,1014,US,1732759112
356,Barcelos,41.5388,-8.6151,50.14,78,8,5.19,1023,PT,1732758837
357,Kudymkar,59.0173,54.656,17.76,96,16,1.5,1028,RU,1732759114
358,General Conesa,-40.1,-64.4333,62.33,58,20,16.42,1011,AR,1732759116
359,Balad,34.0164,44.1453,46.92,60,0,8.25,1024,IQ,1732759117
360,Loralai,30.3705,68.598,48.22,33,0,0.25,1018,PK,1732759118
361,Saint-Pierre,-21.3393,55.4781,73.08,78,0,3.44,1017,RE,1732759119
362,Isafjordur,66.0755,-23.124,13.59,90,100,24.4,1021,IS,1732759120
363,Mossel Bay,-34.1831,22.146,58.93,71,36,11.5,1022,ZA,1732759121
364,Faya-Largeau,17.9257,19.1043,59.86,38,27,20.62,1021,TD,1732759123
365,Daru,-9.0763,143.2092,84.76,78,97,9.8,1007,PG,1732759124
366,Chui,-33.6971,-53.4616,63.97,92,13,1.32,1009,UY,1732759125
367,Storozhevaya,43.8789,41.4514,31.05,99,100,1.99,1023,RU,1732759126
368,Griffith,41.5284,-87.4237,39.15,71,0,5.75,1010,US,1732759085
369,Tura,25.5198,90.2201,66.07,76,100,2.26,1016,IN,1732759129
370,Matoury,4.8483,-52.3317,75.16,100,0,0.0,1012,GF,1732759130
371,São Vicente,-23.9631,-46.3919,77.99,26,51,3.74,1008,BR,1732758869
372,Baruun-Urt,46.6806,113.2792,16.21,79,12,6.46,1021,MN,1732759132
373,Kyren,51.6828,102.1408,26.08,78,79,2.21,1028,RU,1732759134
374,Masoko,-9.3333,33.75,71.67,59,36,3.96,1013,TZ,1732759135
375,Kralendijk,12.15,-68.2667,84.18,79,20,14.97,1010,BQ,1732759136
376,Walvis Bay,-22.9575,14.5053,56.35,88,0,12.66,1013,NA,1732759137
377,Chibougamau,49.9168,-74.3659,19.02,100,100,5.75,1005,CA,1732759138
378,Ryōtsu-minato,38.0833,138.4333,45.5,85,100,18.39,1006,JP,1732759140
379,Khenchela,35.4358,7.1433,53.51,53,92,3.6,1025,DZ,1732759141
380,Sandnessjøen,66.0217,12.6316,34.54,80,42,14.67,1019,NO,1732759142
381,Kavieng,-2.5744,150.7967,84.85,75,99,16.2,1006,PG,1732759143
382,Qulsary,46.9531,54.0198,37.4,62,100,10.98,1018,KZ,1732759147
383,Ballina,-28.8667,153.5667,79.9,75,99,15.5,1014,AU,1732759050
384,Moundsville,39.9203,-80.7431,43.16,92,100,0.83,1012,US,1732759149
385,Bayganin,48.6947,55.8742,31.5,62,100,8.57,1022,KZ,1732759118
386,Yuzhno-Sukhokumsk,44.6581,45.6436,35.82,96,100,18.23,1018,RU,1732759152
387,Asău,46.4333,26.4,36.54,93,100,4.03,1028,RO,1732759153
388,La Santisima Trinidad,-14.8333,-64.9,77.41,87,100,4.54,1007,BO,1732759154
389,Tela,15.7833,-87.45,75.54,87,74,2.93,1014,HN,1732759155
390,Plouzané,48.3833,-4.6167,48.88,89,100,8.05,1021,FR,1732759157
391,Yeppoon,-23.1333,150.7333,80.22,73,71,10.96,1013,AU,1732759158
392,Tamanghasset,22.785,5.5228,48.11,40,0,3.44,1022,DZ,1732759159
393,Durban,-29.8579,31.0292,65.32,77,0,7.72,1014,ZA,1732759160
394,Naze,28.3667,129.4833,61.72,59,80,15.37,1019,JP,1732759161
395,Soavinandriana,-19.1667,46.7333,59.67,94,9,4.65,1016,MG,1732759162
396,Sinabang,2.4803,96.3801,82.65,78,90,2.89,1010,ID,1732759164
397,Florø,61.5996,5.0328,30.16,93,3,8.05,1020,NO,1732759165
398,Sompeta,18.9333,84.6,70.92,55,77,7.47,1014,IN,1732759166
399,Palmer,42.1584,-72.3287,35.51,84,40,0.0,1016,US,1732759167
400,Mandera,3.9366,41.867,79.34,74,0,10.67,1011,KE,1732759168
401,Cooper’s Town,26.8667,-77.5167,74.55,80,0,10.36,1017,BS,1732759170
402,Bamboo Flat,11.7,92.7167,84.29,79,40,6.91,1011,IN,1732759171
403,Kiunga,-6.1219,141.2906,74.32,97,100,2.8,1008,PG,1732759172
404,Lijiang,26.8688,100.2207,46.49,53,56,1.86,1024,CN,1732759173
405,Hengchun,22.0042,120.7439,70.03,64,55,15.95,1020,TW,1732759174
406,Al Muwayh,22.4333,41.7583,66.34,66,0,6.33,1017,SA,1732759176
407,Santo Antônio,-6.3106,-35.4789,72.41,77,74,6.91,1014,BR,1732759177
408,Biloxi,30.396,-88.8853,71.65,90,100,11.5,1012,US,1732759178
409,Ninghai,29.2892,121.4247,54.97,43,4,8.48,1024,CN,1732759179
410,Alofi,-19.0595,-169.9187,78.69,89,75,5.75,1010,NU,1732759180
411,Escárcega,18.6089,-90.7454,67.5,87,0,2.73,1013,MX,1732759182
412,Bhamo,24.2667,97.2333,68.81,67,99,2.39,1017,MM,1732759183
413,Shinkafi,13.0753,6.5105,62.55,35,91,10.2,1016,NG,1732759184
414,Paracatu,-17.2222,-46.8747,74.84,74,100,5.7,1012,BR,1732759185
415,Ashchysay,43.5542,68.8889,42.04,39,40,4.34,1016,KZ,1732759186
416,Keetmanshoop,-26.5833,18.1333,59.92,47,0,4.61,1016,NA,1732759188
417,Vallenar,-28.5708,-70.7581,65.59,42,0,2.37,1013,CL,1732759189
418,Awjilah,29.1081,21.2869,54.16,64,0,3.51,1026,LY,1732759190
419,Arteche,12.2645,125.4048,82.06,89,83,9.46,1011,PH,1732759191
420,Kenscoff,18.4506,-72.2869,61.43,89,100,4.99,1013,HT,1732759192
421,Maintirano,-18.0667,44.0167,80.82,84,84,4.23,1011,MG,1732759194
422,Beau Vallon,-20.4189,57.6953,75.43,78,40,11.5,1017,MU,1732759195
423,Roboré,-18.3333,-59.75,78.75,77,100,5.88,1007,BO,1732759196
424,Bhīmunipatnam,17.8833,83.4333,74.71,55,99,11.54,1013,IN,1732759197
425,Sivas Province,39.7916,37.0019,8.04,99,100,0.76,1037,TR,1732759102
426,Cabo San Lucas,22.8909,-109.9124,77.31,38,0,5.75,1013,MX,1732759200
427,Bismarck,46.8083,-100.7837,19.24,86,100,11.5,1025,US,1732759082
428,Koh Pha Ngan,9.7578,100.0291,79.48,75,100,14.43,1012,TH,1732759202
429,Itoman,26.1247,127.6694,70.09,49,75,19.57,1021,JP,1732759203
430,Belaya Glina,46.07,40.86,35.69,99,100,7.27,1022,RU,1732759205
431,Flin Flon,54.7682,-101.865,8.87,93,100,7.27,1020,CA,1732759206
432,Lüderitz,-26.6481,15.1594,60.1,69,0,18.3,1013,NA,1732759207
433,Novomyrhorod,48.7811,31.642,31.66,97,89,6.17,1026,UA,1732759208
434,Harstad,68.799,16.5293,36.16,85,66,11.99,1014,NO,1732759209
435,Uíge,-7.6087,15.0613,66.72,99,100,2.91,1014,AO,1732759211
436,Naryan-Mar,67.6713,53.087,22.12,90,15,8.75,1021,RU,1732759212
437,Botelhos,-21.6333,-46.395,64.78,78,28,3.18,1013,BR,1732759213
438,Vryburg,-26.9566,24.7284,57.58,29,0,10.74,1015,ZA,1732759214
439,Zag,46.9441,99.165,3.79,77,12,3.6,1045,MN,1732759215
440,New Norfolk,-42.7826,147.0587,58.91,93,100,2.62,1022,AU,1732759217
441,Kodinsk,58.6881,99.1844,31.53,93,100,9.4,1018,RU,1732759218
442,Damasak,13.0977,12.4952,62.02,49,2,8.52,1017,NG,1732759219
443,Mpongwe,-13.5091,28.155,64.2,98,100,3.47,1014,ZM,1732759220
444,Targuist,34.9377,-4.3186,52.14,55,1,2.19,1025,MA,1732759221
445,Maumere,-8.6199,122.2111,87.73,62,67,1.03,1009,ID,1732759223
446,Taikang,46.8333,124.4167,8.91,88,71,8.03,1008,CN,1732759224
447,Sur,22.5667,59.5289,76.66,54,0,4.94,1014,OM,1732759225
448,Holland,42.7875,-86.1089,36.9,84,100,7.0,1011,US,1732758975
449,Ghanzi,-21.5667,21.7833,70.18,12,6,10.4,1012,BW,1732759227
450,Dryden,49.7833,-92.7503,19.69,86,100,6.91,1018,CA,1732759229
451,Paola,39.3599,16.0396,65.52,86,22,2.26,1025,IT,1732759230
452,Águas Vermelhas,-15.7472,-41.46,63.75,99,90,2.91,1016,BR,1732759231
453,Muli,2.9167,73.5667,82.15,79,100,13.49,1009,MV,1732759232
454,Tabanan,-8.5413,115.1252,84.6,67,90,5.73,1010,ID,1732759233
455,La Reforma,25.0833,-108.05,68.74,76,71,3.18,1012,MX,1732759236
456,Port Macquarie,-31.4333,152.9167,84.07,74,100,4.0,1014,AU,1732759237
457,Fale old settlement,-9.3852,-171.2468,84.09,67,90,11.14,1007,TK,1732759240
458,Geraldton,-28.7667,114.6,90.01,20,0,21.85,1011,AU,1732759150
459,Gadzhiyevo,69.2551,33.3362,12.65,95,56,10.22,1021,RU,1732759242
460,Markovo,57.3206,107.0881,27.7,94,100,7.74,1015,RU,1732759243
461,Usogorsk,63.4106,48.6872,30.2,98,100,3.4,1022,RU,1732759244
462,Harar,9.3094,42.1258,57.81,42,10,7.78,1017,ET,1732759246
463,Zehdenick,52.9785,13.3317,45.21,71,72,21.05,1005,DE,1732759247
464,Jatai,-17.8814,-51.7144,70.36,89,49,4.27,1012,BR,1732759248
465,Ubinskoye,55.3068,79.6802,8.53,93,11,4.61,1030,RU,1732759249
466,Collie,-33.3667,116.15,73.92,35,0,8.66,1019,AU,1732759250
467,Port Blair,11.6667,92.75,84.24,79,40,6.91,1011,IN,1732758963
468,Tokmok,42.8417,75.3016,48.16,20,0,7.99,1018,KG,1732759253
469,Borogontsy,62.6683,131.1683,-4.67,97,100,2.77,1022,RU,1732759254
470,Châtillon-sur-Seine,47.8585,4.5738,49.57,97,100,10.58,1022,FR,1732759256
471,Mhamid,29.82,-5.72,62.33,37,0,2.86,1024,MA,1732759257
472,Kirishi,59.4471,32.0205,34.97,100,100,1.12,1018,RU,1732759259
473,Lālganj,25.8667,85.1833,65.77,42,7,1.77,1017,IN,1732759260
474,Egilsstadir,65.2653,-14.3948,37.31,65,75,10.36,1013,IS,1732759262
475,Strezhevoy,60.7333,77.5889,18.61,92,6,6.02,1023,RU,1732759263
476,Arroio Grande,-32.2375,-53.0869,64.44,95,68,2.33,1008,BR,1732759212
477,Fagersta,60.0042,15.7932,31.39,79,95,5.03,1018,SE,1732759265
478,Akureyri,65.6835,-18.0878,31.93,47,75,9.22,1015,IS,1732759267
479,Gillette,44.2911,-105.5022,24.12,67,100,4.61,1023,US,1732759268
480,Pinotepa Nacional,16.3167,-98.0167,69.62,91,0,3.09,1011,MX,1732759269
481,Grand Baie,-20.0182,57.5802,77.45,76,55,4.0,1016,MU,1732759270
482,Verkhovyna,48.1557,24.7911,30.54,93,100,4.81,1026,UA,1732759272
483,Kristiansund,63.1115,7.732,32.65,74,75,4.61,1020,NO,1732759273
484,Pacocha,-17.5833,-71.3333,66.31,93,100,4.99,1015,PE,1732759274
485,Juye,35.3947,116.0883,43.03,30,0,10.83,1024,CN,1732759240
486,Lackland Air Force Base,29.3866,-98.618,69.57,75,0,5.75,1010,US,1732759276
487,Manaure,11.7751,-72.4445,81.81,81,61,4.21,1009,CO,1732759278
488,Alta,69.9689,23.2717,31.26,71,99,13.8,1015,NO,1732759279
489,Promyshlennaya,54.9159,85.6385,7.07,92,5,3.09,1033,RU,1732759280
490,Alo,6.5486,4.2686,75.09,89,0,4.5,1011,NG,1732759281
491,Hola,51.5377,23.1902,35.35,93,28,7.07,1022,PL,1732759282
492,Holualoa,19.6228,-155.9522,78.84,71,18,3.44,1014,US,1732759284
493,Tarawa,1.419,172.984,89.69,66,75,11.5,1006,KI,1732759287
494,Mawu,34.4307,104.9176,27.93,40,0,2.57,1035,CN,1732759289
495,Atar,20.5169,-13.0499,71.26,20,100,8.95,1017,MR,1732759290
496,Wau,7.7029,27.9953,69.6,32,22,4.83,1014,SS,1732759291
497,Lewistown,40.5992,-77.5714,40.41,86,0,0.0,1014,US,1732759293
498,Belle Fourche,44.6714,-103.8522,26.08,72,1,5.39,1025,US,1732759294
499,Novospasskoye,53.1468,47.7514,29.7,67,100,2.24,1024,RU,1732759295
500,Saint-Joseph,-21.3667,55.6167,71.98,79,26,12.91,1017,RE,1732759297
501,Sungai Penuh,-2.0833,101.3833,68.2,97,100,1.74,1014,ID,1732759298
502,Ash Shafa,21.0694,40.3119,53.37,70,0,1.88,1016,SA,1732759299
503,Nova Viçosa,-17.8919,-39.3719,74.89,81,4,9.95,1014,BR,1732759263
504,Sekong,-6.3996,106.0252,82.62,78,99,5.03,1011,ID,1732759302
505,Darfo Boario Terme,45.8835,10.1807,51.04,96,48,5.37,1025,IT,1732759303
506,San Ignacio,17.1561,-89.0714,73.54,83,0,0.0,1014,BZ,1732759304
507,Salinópolis,-0.6136,-47.3561,80.04,79,25,14.63,1010,BR,1732759306
508,Al Khārijah,25.4514,30.5464,53.74,62,61,7.38,1022,EG,1732759307
509,Urengoy,65.9667,78.3667,12.9,95,16,6.98,1019,RU,1732759308
510,Rosetta,31.4044,30.4164,64.27,69,37,10.51,1023,EG,1732759309
511,Elista,46.3078,44.2558,36.12,100,100,13.42,1019,RU,1732759310
512,Sierra Grande,-41.606,-65.3557,53.08,84,10,9.91,1013,AR,1732759040
513,Nevel'sk,46.6733,141.8633,37.13,64,100,18.45,1000,RU,1732759028
514,Brigham City,41.5102,-112.0155,30.31,73,2,1.01,1029,US,1732759314
515,Papao,-17.75,-149.55,85.68,72,100,8.59,1011,PF,1732759315
516,Shimoda,34.6667,138.95,55.0,54,0,24.81,1010,JP,1732759316
517,Sheridan,44.8333,-106.9173,25.39,81,0,4.61,1024,US,1732759318
518,Gilgit,35.9221,74.3087,28.33,41,3,3.85,1040,PK,1732759319
519,Canindé de São Francisco,-9.66,-37.7894,78.4,63,10,8.57,1013,BR,1732759320
520,Santana,-0.0583,-51.1817,82.58,78,0,8.05,1010,BR,1732759321
521,Vorkuta,67.5,64.0,14.23,97,20,7.99,1021,RU,1732759323
522,Kosh-Agach,50.0,88.6667,-7.35,85,82,1.99,1057,RU,1732759324
523,Thakhek,17.4103,104.8307,71.71,54,68,13.8,1020,LA,1732759325
524,Nizhnyaya Poyma,56.1622,97.1933,32.13,84,100,12.39,1026,RU,1732759327
525,Rodna,47.4167,24.8167,33.93,98,100,1.03,1028,RO,1732759329
526,Bandar-e Anzali,37.4727,49.4622,52.84,77,3,3.53,1018,IR,1732759330
527,Tralee,52.2704,-9.7026,44.56,86,100,12.19,1018,IE,1732759331
528,Khandyga,62.6667,135.6,1.47,95,100,2.1,1022,RU,1732759332
529,Alvarães,-3.2208,-64.8042,79.02,81,87,3.65,1009,BR,1732759333
530,Noril'sk,69.3535,88.2027,-3.14,97,81,8.28,1010,RU,1732759335
531,Nikolayevsk-on-Amur,53.1406,140.73,31.77,97,100,14.07,1003,RU,1732759336
532,Abra Pampa,-22.7205,-65.697,59.65,52,100,8.99,1009,AR,1732759337
533,Howard Springs,-12.497,131.047,86.83,79,100,6.78,1008,AU,1732759339
534,Rome,43.2128,-75.4557,34.11,79,0,4.61,1014,US,1732759242
535,Kiruna,67.8557,20.2251,7.72,92,26,9.22,1020,SE,1732759342
536,Cocal,-28.6167,-49.35,71.53,96,100,4.09,1007,BR,1732759344
537,Laojunmiao,39.8333,97.7333,26.64,32,0,5.97,1036,CN,1732759345
538,Kismayo,-0.3582,42.5454,80.4,82,97,7.58,1011,SO,1732759346
539,Hauterive,46.0901,3.4459,50.92,71,100,5.23,1025,FR,1732759347
540,Novo Aripuanã,-5.1206,-60.3797,79.99,71,35,2.51,1008,BR,1732759348
541,Itaí,-23.4178,-49.0906,75.47,63,73,2.98,1010,BR,1732759240
542,Lamu,-2.2717,40.902,79.09,85,52,5.93,1011,KE,1732759351
543,Dunaföldvár,46.808,18.9264,38.89,95,100,5.95,1025,HU,1732759352
544,Islamkot,24.6997,70.177,69.26,45,0,5.37,1015,PK,1732759353
545,Aoulef,26.9667,1.0833,62.55,30,97,10.92,1023,DZ,1732759354
546,Gokwe,-18.2048,28.9349,68.94,75,64,3.22,1011,ZW,1732759357
547,Teplyk,48.6657,29.745,33.28,96,100,4.61,1027,UA,1732759358
548,Usinsk,65.9939,57.5281,29.77,95,100,4.83,1023,RU,1732759359
549,Tarancón,40.0085,-3.0073,45.12,56,95,3.56,1027,ES,1732759361
550,Vilyuchinsk,52.9306,158.4028,30.47,68,7,3.85,1013,RU,1732759207
551,Jwaneng,-24.6004,24.7303,60.46,16,49,10.31,1013,BW,1732759363
552,Genhe,50.7833,121.5167,8.6,87,52,3.38,1014,CN,1732759364
553,Callao,-12.0667,-77.15,71.73,82,40,8.05,1014,PE,1732759200
554,Ust'-Kulom,61.6864,53.6902,18.43,94,89,2.08,1025,RU,1732759367
555,Aykhal,66.0,111.5,1.96,99,100,9.98,1003,RU,1732759368
556,Užice,43.8586,19.8488,43.75,95,100,2.53,1025,RS,1732759369
557,Banora Point,-28.213,153.5363,83.16,78,61,13.8,1014,AU,1732759370
558,Talavera,15.6167,120.9333,84.07,66,72,3.18,1013,PH,1732759372
559,Ejea de los Caballeros,42.1263,-1.1372,37.62,73,13,2.68,1027,ES,1732759373
560,Dambulla,7.86,80.6517,72.81,96,100,8.95,1008,LK,1732759374
561,Tīkamgarh,24.745,78.8333,60.64,45,11,2.68,1017,IN,1732759375
562,Barrouallie,13.2333,-61.2667,76.71,81,26,7.16,1013,VC,1732759377
563,Saint Joseph,39.7686,-94.8466,37.22,78,100,1.99,1016,US,1732759378
